#CA1010	CASH AVAILABLE INQUIRY                  	LHBSC10S  	1	Y	20260127	17445057	SCSECOFR
#CA1001	CARD VALIDATION                         	LHBSC01S  	1	Y	20260127	17445057	SCSECOFR
#US1003	CUSTOMER SEARCH                         	LHBSU03S  	1	Y	20260421	16382670	ZHAO HU
#AC0011	ACCOUNT STATUS INQUIRY                  	SCDSA11S  	1	Y	20251118	19211884	SCSECOFR
#AC0012	ACCOUNT DATE INQUIRY                    	SCDSA12S  	1	Y	20251118	19213528	SCSECOFR
#AC0013	ACCOUNT INTEREST RATE INQUIRY           	SCDSA13S  	1	Y	20251118	19215166	SCSECOFR
#AC0014	ACCOUNT DIRECT DEBIT INQUIRY            	SCDSA14S  	1	Y	20251118	19221358	SCSECOFR
#AC0015	ACCOUNT PROMOTION PROGRAM INQUIRY       	SCDSA15S  	1	Y	20251118	19224622	SCSECOFR
#AC0020	ACCOUNT LIMIT INQUIRY                   	SCDSA20S  	1	Y	20251118	19230252	SCSECOFR
#AC0021	ACCOUNT BPS LIMIT INQUIRY               	SCDSA21S  	1	Y	20251118	19232525	SCSECOFR
#AC0030	ACCOUNT STATEMENT INQUIRY 1             	SCDSA30S  	1	Y	20251118	19234398	SCSECOFR
#AC0031	ACCOUNT STATEMENT INQUIRY 2             	SCDSA31S  	1	Y	20251118	19235748	SCSECOFR
#AC0032	ACCOUNT STATEMENT INQUIRY DETAIL        	SCDSA32S  	1	Y	20251118	19241727	SCSECOFR
#AC0033	ACCOUNT NON STATEMENTED TRANSACTION INQ 	SCDSA33S  	1	Y	20251118	19244737	SCSECOFR
#AC0041	ACCOUNT LIMIT CHANGE                    	SCDSA41S  	1	Y	20251118	19250022	SCSECOFR
#AC0042	TEMPORARY CREDIT LIMIT UPDATE           	SCDSA42S  	1	Y	20251118	19253870	SCSECOFR
#CA0001	LIST OF CARD INQUIRY                    	SCDSC01S  	1	Y	20251114	19323995	SCSECOFR
#CA0002	LIST OF CARD'S ACCOUNT                  	SCDSC02S  	1	Y	20251118	18494921	SCSECOFR
#CA0010	CARD PARTICULAR INQUIRY                 	SCDSC10S  	1	Y	20251118	18503638	SCSECOFR
#CA0011	CARD STATUS INQUIRY                     	SCDSC11S  	1	Y	20251119	11242318	SCSECOFR
#CA0012	CARD CVV2 INQUIRY                       	SCDSC12S  	1	Y	20251118	18532002	SCSECOFR
#CA0013	CARD DATE STATUS INQUIRY                	SCDSC13S  	1	Y	20251118	18534117	SCSECOFR
#CA0014	CARD ANNUAL FEE INQUIRY                 	SCDSC14S  	1	Y	20251118	18540009	SCSECOFR
#CA0020	SUPP CARD LIMIT CHANGE                  	SCDSC20S  	1	Y	20251118	18543367	SCSECOFR
#CA0040	CARD ACTIVATION                         	SCDSC40S  	1	Y	20251118	18545034	SCSECOFR
#CA0041	SUPP CARD LIMIT CHANGE                  	SCDSC41S  	1	Y	20251118	18550669	SCSECOFR
#CA0042	SUPP TEMP CREDIT LIMIT UPDATE           	SCDSC42S  	1	Y	20251118	18552871	SCSECOFR
#CA0043	CARD REPLACEMENT / PIN REQUEST          	SCDSC43S  	1	Y	20251118	18554486	SCSECOFR
#CA0044	CARD BLOCKING AND UNBLOCK               	SCDSC44S  	1	Y	20251118	18560111	SCSECOFR
#CA0045	CARD LOST REPLACEMENT                   	SCDSC45S  	1	Y	20251118	18561996	SCSECOFR
#CA0046	CARD CANCELLATION                       	SCDSC46S  	1	Y	20251118	18564344	SCSECOFR
#MG0010	MERCHANT ADDRESS INQUIRY                	SCDSM10S  	0	N	20251119	15540767	SCSECOFR
#MG0011	HERCHANT STATUS INQUIRY                 	SCDSM11S  	0	N	20251119	15542394	SCSECOFR
#MG0012	MERCHANT STATUS INQUIRY 2               	SCDSM12S  	0	N	20251119	15544115	SCSECOFR
#MG0013	MERCHANT DATE INQUIRY                   	SCDSM13S  	0	N	20251119	15545499	SCSECOFR
#MG0030	MERCHANT STATEMENT INQUIRY 1            	SCDSM30S  	0	N	20251119	15551434	SCSECOFR
#MG0031	MERCHANT STATEMENT INQUIRY 2            	SCDSM31S  	0	N	20251119	15552806	SCSECOFR
#MG0032	MERCHANT STATEMENT DETAIL INQUIRY       	SCDSM32S  	0	N	20251119	15554839	SCSECOFR
#MG0033	MERCHANT CTD BATCH HEADER INQUIRY       	SCDSM33S  	0	N	20251119	15562242	SCSECOFR
#MG0034	MERCHANT CTD BATCH TRANSACTION INQUIRY  	SCDSM34S  	0	N	20251119	15570463	SCSECOFR
#US0010	CUSTOMER ADDRESS DETAIL INQUIRY         	SCDSU10S  	1	N	20260519	11132936	SCSECOFR
#US0011	CUSTOMER CONTACT INQUIRY                	SCDSU11S  	1	Y	20251119	15243440	SCSECOFR
#US0020	CUSTOMER LIMIT INQUIRY                  	SCDSU20S  	1	Y	20251119	15313300	SCSECOFR
#CA1015	CARD ONLINE INQUIRY                     	LHBSC15S  	1	N	20260406	11554243	SCSECOFR
#CA1002	CARD SECURE INQUIRY                     	LHBSC02S  	1	Y	20260415	15254953	ZHAO HU
#CA1030	CARD BILLED TXN                         	LHBSC30S  	1	Y	20260409	14344627	SCSECOFR
#CA1016	CARD SCHEME INQUIRY                     	LHBSC08S  	1	N	20260409	16083292	SCSECOFR
#CA1324	EPP ELLIGIBLE PROGRAM DETAILS           	LHBSR23S  	1	N	20260427	10334029	SCSECOFR
#CA1014	CARD ACTIVATION                         	LHBSC14S  	1	N	20260413	11282500	SCSECOFR
#AC1008	ACCOUNT GET                             	LHBSA08S  	1	Y	20260413	12325820	PENG BO
#CA1032	CARD UNBILLED TXN                       	LHBSC32S  	1	Y	20260413	14375907	SCSECOFR
#CA1031	CARD STATEMENT LIST                     	LHBSC31S  	1	N	20260413	17073810	SCSECOFR
#CA1023	NOTIFICATION SETTING SET                	LHBSC23S  	1	Y	20260515	11451301	SCSECOFR
#US1013	EXISTING CUSTOMER INQUIRY               	LHBSU13S  	1	Y	20260414	15071431	PENG BO
#CA1033	CS CARD STATEMENT HISTORY INQUIRY       	LHBSC33S  	1	N	20260519	11135270	SCSECOFR
#CA1312	IPP ELLIGIBLE TXN                       	LHBSC12S  	1	Y	20260415	15554003	SCSECOFR
#CA1313	IPP ELLIGIBLE PROGRAM GET               	LHBSC13S  	1	Y	20260415	15303055	SCSECOFR
#US1019	CLOSE ACCOUNT AMOUNT CALCULATE API      	LHBSU19S  	1	N	20260416	10240724	JACKY LEE
#CA1041	CS WAIVE TRANSACTION API                	LHBSC41S  	1	N	20260515	11455678	SCSECOFR
#CA1017	CASH EPP TRANSACTION ADD REQUEST SERVICE	LHBSC09S  	1	Y	20260416	18140773	SCSECOFR
#CA1044	CS CARD GET (LISTING W/ DETAILS)        	LHBSC44S  	1	Y	20260515	11464944	SCSECOFR
#CA1003	PAYMENT ONLINE ADD / BILL PAYMENT       	LHBSC03S  	1	N	20260420	14451177	SCSECOFR
#US1008	MEMO-GET                                	LHBSU08S  	1	N	20260420	17124077	SCSECOFR
#CA1034	CS BILLED TRANSACTION INQ               	LHBSC34S  	1	Y	20260422	12360008	PENG BO
#CA1038	CS LOAN INQUIRY                         	LHBSC38S  	1	Y	20260424	15475922	SCSECOFR
#CA1020	USAGE SETTING GET                       	LHBSC20S  	1	N	20260519	11110544	SCSECOFR
#CA1021	USAGE SETTING SET                       	LHBSC21S  	1	N	20260519	11111830	SCSECOFR
#CA1007	CARD BLOCK CODE SET                     	LHBSC07S  	1	Y	20260428	16505361	SCSECOFR
#US1004	CUSTOMER GET (INQUIRY DETAILS)          	LHBSU04S  	1	Y	20260422	17285711	SCSECOFR
#CA1045	CS CARD ACTIVATION                      	LHBSC45S  	1	N	20260425	15541030	SHANIE CHO
#CA1035	CS UNBILLED TRANSACTION INQ             	LHBSC35S  	1	Y	20260427	11172481	SCSECOFR
#US1010	CUSTOMER BLOCK CODE SET                 	LHBSU10S  	1	N	20260519	11115208	SCSECOFR
#CA1029	PENDING TRANSACTION INQUIRY             	LHBSC29S  	1	Y	20260515	11445405	SCSECOFR
#US1007	HOME ADDRESS SET                        	LHBSU07S  	1	N	20260429	16012898	SCSECOFR
#CA1019	IPP INSTALLMENT REQUEST                 	LHBSR14S  	1	Y	20260429	17313887	SCSECOFR
#US1018	IVR CUSTOMER INFO GET                   	LHBSU18S  	1	Y	20260430	16412202	SCSECOFR
#US1016	MEMO ADD                                	LHBSU16S  	1	N	20260519	11122767	SCSECOFR
#CA1022	NOTIFICATION SETTING GET                	LHBSC22S  	1	Y	20260515	11450937	SCSECOFR
#US1017	REFERSAL SEARCH                         	LHBSU17S  	1	N	20260519	11125128	SCSECOFR
#CA1042	CS CARD FEE CHARGE                      	LHBSC42S  	1	Y	20260515	11460384	SCSECOFR
#CA1037	CS PAYMENT HISTORY INQUIRY              	LHBSC37S  	1	N	20260515	11453873	SCSECOFR
#AC1009	ACCOUNT BLOCK CODE SET                  	LHBSA09S  	1	N	20260514	11323362	SHANIE CHO
#CA1046	CS STATEMENT LIST INQUIRY               	LHBSC46S  	1	Y	20260515	11470656	SCSECOFR
#CA1036	CS PAYMENT INQUIRY                      	LHBSC36S  	1	N	20260507	10290444	SCSECOFR
#CA1027	CUST AND PERMANENT LIMIT UPDATE         	LHBSC27S  	1	N	20260514	11215059	SHANIE CHO
#US1020	CUSTOMER BLOCK ROLL                     	LHBSU20S  	1	N	20260511	10532388	SCSECOFR
#US1002	CS CUSTOMER SET                         	LHBSU02S  	1	N	20260511	12252539	SCSECOFR
#US1012	SUPPRESSION SET                         	LHBSU12S  	1	N	20260511	14583752	SCSECOFR
#US1011	CYCLE CUT SET                           	LHBSU11S  	1	N	20260511	17040821	SCSECOFR
#CA1025	EARLY PAYMENT (ACCELERATE) - INQUIRY    	LHBSS14S  	1	Y	20260512	11352300	SCSECOFR
#CA1024	EARLY SETTLEMENT(ACCELERATE) - REQUEST  	LHBSS13S  	1	Y	20260512	11355206	SCSECOFR
#CA1026	EARLY SETTLEMENT (ACCELERATE) - CANCEL  	LHBSS15S  	1	Y	20260512	11361804	SCSECOFR
#AC1027	BILLING-CHANEL-SET                      	LHBSA27S  	1	N	20260512	14291867	SCSECOFR
#CA1011	CARD ISSUE / RE-ISSUE                   	LHBSC11S  	1	N	20260514	11273682	SHANIE CHO
#CA1043	CS INTEREST ADJUSMENT                   	LHBSC43S  	1	N	20260515	11460950	SCSECOFR
#CA1028	TRANSACION INQUIRY                      	LHBSC28S  	1	N	20260515	11442828	SCSECOFR
